{"stats":{"minecraft:picked_up":{"minecraft:dirt":1},"minecraft:used":{"minecraft:dirt":1},"minecraft:custom":{"minecraft:jump":11,"minecraft:time_since_rest":327,"minecraft:leave_game":1,"minecraft:crouch_one_cm":131,"minecraft:sprint_one_cm":483,"minecraft:play_time":327,"minecraft:damage_taken":40,"minecraft:time_since_death":327,"minecraft:walk_one_cm":1425,"minecraft:sneak_time":16,"minecraft:total_world_time":327,"minecraft:fall_one_cm":968,"minecraft:fly_one_cm":598},"minecraft:mined":{"minecraft:grass_block":1}},"DataVersion":3465}